{
    "total_runtime": 823.2701261043549,
    "num_documents": 1,
    "input_load_time": 0,
    "workflows": {
        "create_base_text_units": {
            "overall": 0.2530403137207031,
            "0_orderby": 0.0021288394927978516,
            "1_zip": 0.0027189254760742188,
            "2_aggregate_override": 0.0050580501556396484,
            "3_chunk": 0.20069360733032227,
            "4_select": 0.003419637680053711,
            "5_unroll": 0.004548549652099609,
            "6_rename": 0.003657817840576172,
            "7_genid": 0.0076732635498046875,
            "8_unzip": 0.0045528411865234375,
            "9_copy": 0.004037380218505859,
            "10_filter": 0.012493610382080078
        },
        "create_base_extracted_entities": {
            "overall": 170.99759602546692,
            "0_entity_extract": 170.90627264976501,
            "1_merge_graphs": 0.08069276809692383,
            "2_snapshot_rows": 0.00634312629699707
        },
        "create_final_covariates": {
            "overall": 149.69987845420837,
            "0_extract_covariates": 149.64883279800415,
            "1_window": 0.006946563720703125,
            "2_genid": 0.007299184799194336,
            "3_convert": 0.015483617782592773,
            "4_rename": 0.006985902786254883,
            "5_select": 0.009080171585083008
        },
        "create_summarized_entities": {
            "overall": 184.83125805854797,
            "0_summarize_descriptions": 184.81538438796997,
            "1_snapshot_rows": 0.009177684783935547
        },
        "join_text_units_to_covariate_ids": {
            "overall": 0.028589248657226562,
            "0_select": 0.00859975814819336,
            "1_aggregate_override": 0.012579202651977539
        },
        "create_base_entity_graph": {
            "overall": 4.439427614212036,
            "0_cluster_graph": 0.4428529739379883,
            "1_snapshot_rows": 0.012791633605957031,
            "2_embed_graph": 3.945800542831421,
            "3_snapshot_rows": 0.013022661209106445,
            "4_select": 0.016673803329467773
        },
        "create_final_entities": {
            "overall": 182.42718815803528,
            "0_unpack_graph": 0.1299428939819336,
            "1_rename": 0.010398387908935547,
            "2_select": 0.01107025146484375,
            "3_dedupe": 0.011597394943237305,
            "4_rename": 0.011464118957519531,
            "5_filter": 0.03192925453186035,
            "6_text_split": 0.01961660385131836,
            "7_drop": 0.012100934982299805,
            "8_merge": 0.15752315521240234,
            "9_text_embed": 181.974791765213,
            "10_drop": 0.012812137603759766,
            "11_filter": 0.03442239761352539
        },
        "create_final_nodes": {
            "overall": 1.4956028461456299,
            "0_layout_graph": 0.6543972492218018,
            "1_unpack_graph": 0.3408205509185791,
            "2_unpack_graph": 0.3036370277404785,
            "3_filter": 0.051880836486816406,
            "4_drop": 0.014612197875976562,
            "5_select": 0.014658927917480469,
            "6_rename": 0.014536380767822266,
            "7_join": 0.024150609970092773,
            "8_convert": 0.047955989837646484,
            "9_rename": 0.016121387481689453
        },
        "create_final_communities": {
            "overall": 1.073880910873413,
            "0_unpack_graph": 0.14795851707458496,
            "1_unpack_graph": 0.29906320571899414,
            "2_aggregate_override": 0.01884913444519043,
            "3_join": 0.033707380294799805,
            "4_join": 0.029358386993408203,
            "5_concat": 0.017856597900390625,
            "6_filter": 0.28647685050964355,
            "7_aggregate_override": 0.03307342529296875,
            "8_join": 0.021880626678466797,
            "9_filter": 0.04153037071228027,
            "10_fill": 0.01779651641845703,
            "11_merge": 0.05049467086791992,
            "12_copy": 0.031574249267578125,
            "13_select": 0.018664121627807617
        },
        "join_text_units_to_entity_ids": {
            "overall": 0.08274722099304199,
            "0_select": 0.020213842391967773,
            "1_unroll": 0.020771503448486328,
            "2_aggregate_override": 0.02371978759765625
        },
        "create_final_relationships": {
            "overall": 0.4680478572845459,
            "0_unpack_graph": 0.16185259819030762,
            "1_filter": 0.06444191932678223,
            "2_rename": 0.020635604858398438,
            "3_filter": 0.09039163589477539,
            "4_drop": 0.021063566207885742,
            "5_compute_edge_combined_degree": 0.0251615047454834,
            "6_convert": 0.0431821346282959,
            "7_convert": 0.022154569625854492
        },
        "join_text_units_to_relationship_ids": {
            "overall": 0.11687564849853516,
            "0_select": 0.02223515510559082,
            "1_unroll": 0.02410578727722168,
            "2_aggregate_override": 0.02738666534423828,
            "3_select": 0.02227306365966797
        },
        "create_final_community_reports": {
            "overall": 122.20952343940735,
            "0_prepare_community_reports_nodes": 0.0458981990814209,
            "1_prepare_community_reports_edges": 0.034746408462524414,
            "2_prepare_community_reports_claims": 0.024621009826660156,
            "3_restore_community_hierarchy": 0.03781318664550781,
            "4_prepare_community_reports": 0.7106428146362305,
            "5_create_community_reports": 121.30669713020325,
            "6_window": 0.0255892276763916
        },
        "create_final_text_units": {
            "overall": 0.23384618759155273,
            "0_select": 0.02655959129333496,
            "1_rename": 0.027539968490600586,
            "2_join": 0.03005361557006836,
            "3_join": 0.03167271614074707,
            "4_join": 0.0311279296875,
            "5_aggregate_override": 0.03108525276184082,
            "6_select": 0.030540943145751953
        },
        "create_base_documents": {
            "overall": 0.29285168647766113,
            "0_unroll": 0.027621746063232422,
            "1_select": 0.028614521026611328,
            "2_rename": 0.027611732482910156,
            "3_join": 0.031113624572753906,
            "4_aggregate_override": 0.028708696365356445,
            "5_join": 0.033495187759399414,
            "6_rename": 0.029050827026367188,
            "7_convert": 0.06013798713684082
        },
        "create_final_documents": {
            "overall": 0.08742523193359375,
            "0_rename": 0.0592036247253418
        }
    }
}