{
    "total_runtime": 87.74732756614685,
    "num_documents": 1,
    "input_load_time": 0,
    "workflows": {
        "create_base_text_units": {
            "overall": 0.235090970993042,
            "0_orderby": 0.0021610260009765625,
            "1_zip": 0.0027277469635009766,
            "2_aggregate_override": 0.004608154296875,
            "3_chunk": 0.18451595306396484,
            "4_select": 0.003369569778442383,
            "5_unroll": 0.004971027374267578,
            "6_rename": 0.003526449203491211,
            "7_genid": 0.0046994686126708984,
            "8_unzip": 0.0050373077392578125,
            "9_copy": 0.004366874694824219,
            "10_filter": 0.01312708854675293
        },
        "create_base_extracted_entities": {
            "overall": 36.30620288848877,
            "0_entity_extract": 36.28261876106262,
            "1_merge_graphs": 0.012619733810424805,
            "2_snapshot_rows": 0.006156206130981445
        },
        "create_final_covariates": {
            "overall": 0.06382322311401367,
            "0_extract_covariates": 0.017424345016479492,
            "1_window": 0.0061757564544677734,
            "2_genid": 0.00648045539855957,
            "3_convert": 0.013431549072265625,
            "4_rename": 0.008147716522216797,
            "5_select": 0.006904125213623047
        },
        "create_summarized_entities": {
            "overall": 9.52169919013977,
            "0_summarize_descriptions": 9.502229452133179,
            "1_snapshot_rows": 0.012517213821411133
        },
        "join_text_units_to_covariate_ids": {
            "overall": 0.025881052017211914,
            "0_select": 0.008003473281860352,
            "1_aggregate_override": 0.01038360595703125
        },
        "create_base_entity_graph": {
            "overall": 0.2989349365234375,
            "0_cluster_graph": 0.03200531005859375,
            "1_snapshot_rows": 0.01041555404663086,
            "2_embed_graph": 0.22624468803405762,
            "3_snapshot_rows": 0.010780811309814453,
            "4_select": 0.011108636856079102
        },
        "create_final_entities": {
            "overall": 9.56544280052185,
            "0_unpack_graph": 0.016849279403686523,
            "1_rename": 0.010650873184204102,
            "2_select": 0.011329412460327148,
            "3_dedupe": 0.01118326187133789,
            "4_rename": 0.011494636535644531,
            "5_filter": 0.025290489196777344,
            "6_text_split": 0.013164758682250977,
            "7_drop": 0.01268315315246582,
            "8_merge": 0.024760723114013672,
            "9_text_embed": 9.376803636550903,
            "10_drop": 0.013305902481079102,
            "11_filter": 0.028176069259643555
        },
        "create_final_nodes": {
            "overall": 0.2591726779937744,
            "0_layout_graph": 0.04425787925720215,
            "1_unpack_graph": 0.02280259132385254,
            "2_unpack_graph": 0.02211761474609375,
            "3_filter": 0.031279563903808594,
            "4_drop": 0.014744758605957031,
            "5_select": 0.01522970199584961,
            "6_rename": 0.014602422714233398,
            "7_join": 0.019471406936645508,
            "8_convert": 0.04648017883300781,
            "9_rename": 0.015332460403442383
        },
        "create_final_communities": {
            "overall": 0.36150550842285156,
            "0_unpack_graph": 0.022573232650756836,
            "1_unpack_graph": 0.022695302963256836,
            "2_aggregate_override": 0.01882195472717285,
            "3_join": 0.02122950553894043,
            "4_join": 0.021126508712768555,
            "5_concat": 0.01657414436340332,
            "6_filter": 0.0646371841430664,
            "7_aggregate_override": 0.02081918716430664,
            "8_join": 0.021982431411743164,
            "9_filter": 0.03867459297180176,
            "10_fill": 0.01822805404663086,
            "11_merge": 0.021397829055786133,
            "12_copy": 0.018452882766723633,
            "13_select": 0.018904685974121094
        },
        "join_text_units_to_entity_ids": {
            "overall": 0.07996368408203125,
            "0_select": 0.019405126571655273,
            "1_unroll": 0.02104806900024414,
            "2_aggregate_override": 0.021244525909423828
        },
        "create_final_relationships": {
            "overall": 0.2735738754272461,
            "0_unpack_graph": 0.02643561363220215,
            "1_filter": 0.043398380279541016,
            "2_rename": 0.020856142044067383,
            "3_filter": 0.044147491455078125,
            "4_drop": 0.02262425422668457,
            "5_compute_edge_combined_degree": 0.025066614151000977,
            "6_convert": 0.04770636558532715,
            "7_convert": 0.02416372299194336
        },
        "join_text_units_to_relationship_ids": {
            "overall": 0.11392760276794434,
            "0_select": 0.022205829620361328,
            "1_unroll": 0.0235440731048584,
            "2_aggregate_override": 0.024039506912231445,
            "3_select": 0.02259659767150879
        },
        "create_final_community_reports": {
            "overall": 26.723947525024414,
            "0_prepare_community_reports_nodes": 0.02454686164855957,
            "1_prepare_community_reports_edges": 0.02521228790283203,
            "2_prepare_community_reports_claims": 0.024658203125,
            "3_restore_community_hierarchy": 0.027959823608398438,
            "4_prepare_community_reports": 0.09695792198181152,
            "5_create_community_reports": 26.47543239593506,
            "6_window": 0.026746273040771484
        },
        "create_final_text_units": {
            "overall": 0.26894092559814453,
            "0_select": 0.03292989730834961,
            "1_rename": 0.05103898048400879,
            "2_join": 0.0364532470703125,
            "3_join": 0.03265643119812012,
            "4_join": 0.03180837631225586,
            "5_aggregate_override": 0.029117345809936523,
            "6_select": 0.02896714210510254
        },
        "create_base_documents": {
            "overall": 0.31359314918518066,
            "0_unroll": 0.029976606369018555,
            "1_select": 0.030324697494506836,
            "2_rename": 0.033106327056884766,
            "3_join": 0.034526824951171875,
            "4_aggregate_override": 0.03213834762573242,
            "5_join": 0.03425884246826172,
            "6_rename": 0.03093576431274414,
            "7_convert": 0.06183791160583496
        },
        "create_final_documents": {
            "overall": 0.06009173393249512,
            "0_rename": 0.030321121215820312
        }
    }
}